[
  {
    "value": "Singaporean",
    "synonyms": [
      "Singaporean",
      "Singapore citizen",
      "local applicant",
      "local"
    ]
  },
  {
    "value": "Singaporean Permanent Residents",
    "synonyms": [
      "Singaporean Permanent Residents",
      "PR"
    ]
  },
  {
    "value": "International Student",
    "synonyms": [
      "International Student",
      "foreigners",
      "overseas applicants"
    ]
  },
  {
    "value": "Graduating Student",
    "synonyms": [
      "Graduating Student"
    ]
  },
  {
    "value": "Student",
    "synonyms": [
      "Student"
    ]
  },
  {
    "value": "Professional",
    "synonyms": [
      "Professional"
    ]
  },
  {
    "value": "Employee",
    "synonyms": [
      "Employee"
    ]
  },
  {
    "value": "Company",
    "synonyms": [
      "Company",
      "business",
      "business enrity"
    ]
  },
  {
    "value": "Employer",
    "synonyms": [
      "Employer"
    ]
  }
]