[
  {
    "value": "\"NICF- Campaign Analytics (SF)\"",
    "synonyms": [
      "\"Campaign Analytics\"",
      "\"NICF- Campaign Analytics (SF)\""
    ]
  },
  {
    "value": "\"NICF- Intelligent Sensing and Sense Making (SF)\"",
    "synonyms": [
      "\"Intelligent Sensing and Sense Making\"",
      "\"NICF- Intelligent Sensing and Sense Making (SF)\""
    ]
  },
  {
    "value": "\"NICF- Machine Reasoning (SF)\"",
    "synonyms": [
      "\"Machine Reasoning\"",
      "\"NICF- Machine Reasoning (SF)\""
    ]
  },
  {
    "value": "\"NICF- New Media and Sentiment Mining (SF)\"",
    "synonyms": [
      "\"New Media and Sentiment Mining\"",
      "\"NICF- New Media and Sentiment Mining (SF)\""
    ]
  },
  {
    "value": "\"NICF- Pattern Recognition and Machine Learning Systems (SF)\"",
    "synonyms": [
      "\"Pattern Recognition and Machine Learning Systems\"",
      "\"NICF- Pattern Recognition and Machine Learning Systems (SF)\""
    ]
  },
  {
    "value": "\"NICF- Problem Solving using Pattern Recognition (SF)\"",
    "synonyms": [
      "\"Problem Solving using Pattern Recognition\"",
      "\"NICF- Problem Solving using Pattern Recognition (SF)\""
    ]
  },
  {
    "value": "\"NICF- Reasoning Systems (SF)\"",
    "synonyms": [
      "\"Reasoning Systems\"",
      "\"NICF- Reasoning Systems (SF)\""
    ]
  },
  {
    "value": "\"NICF- Robotic Systems (SF)\"",
    "synonyms": [
      "\"Robotic Systems\"",
      "\"NICF- Robotic Systems (SF)\""
    ]
  },
  {
    "value": "\"NICF- Spatial Reasoning from Sensor Data (SF)\"",
    "synonyms": [
      "\"Spatial Reasoning from Sensor Data\"",
      "\"NICF- Spatial Reasoning from Sensor Data (SF)\""
    ]
  },
  {
    "value": "\"NICF- Text Analytics (SF)\"",
    "synonyms": [
      "\"Text Analytics\"",
      "\"NICF- Text Analytics (SF)\""
    ]
  },
  {
    "value": "\"NICF- Text Processing using Machine Learning (SF)\"",
    "synonyms": [
      "\"Text Processing using Machine Learning\"",
      "\"NICF- Text Processing using Machine Learning (SF)\""
    ]
  },
  {
    "value": "\"NICF- Vision Systems (SF)\"",
    "synonyms": [
      "\"Vision Systems\"",
      "\"NICF- Vision Systems (SF)\""
    ]
  },
  {
    "value": "\"Certified Cloud Security Professional (CCSP Exam Only) - Exams supported by CITREP+\"",
    "synonyms": [
      "\"Certified Cloud Security Professional (CCSP Exam Only) - Exams supported by CITREP+\"",
      "\"Certified Cloud Security Professional (CCSP Exam Only) - Exams supported by CITREP+\"",
      "CCSP Exam"
    ]
  },
  {
    "value": "\"Certified Information Systems Security Professional (CISSP Exam Only) - Exams supported by CITREP+\"",
    "synonyms": [
      "\"Certified Information Systems Security Professional (CISSP Exam Only) - Exams supported by CITREP+\"",
      "\"Certified Information Systems Security Professional (CISSP Exam Only) - Exams supported by CITREP+\"",
      "CISSP Exam"
    ]
  },
  {
    "value": "\"Certified Secure Software Lifecycle Professional (CSSLP Exam Only) - Exams supported by CITREP+\"",
    "synonyms": [
      "\"Certified Secure Software Lifecycle Professional (CSSLP Exam Only) - Exams supported by CITREP+\"",
      "\"Certified Secure Software Lifecycle Professional (CSSLP Exam Only) - Exams supported by CITREP+\"",
      "CSSLP Exam"
    ]
  },
  {
    "value": "\"NICF- (ISC)2 CCSP CBK Training Seminar (SF)\"",
    "synonyms": [
      "\"(ISC)2 CCSP CBK Training Seminar\"",
      "\"NICF- (ISC)2 CCSP CBK Training Seminar (SF)\"",
      "CCSP Seminar",
      "CCSP Training",
      "CCSP Course"
    ]
  },
  {
    "value": "\"NICF- (ISC)² CISSP CBK Training Seminar (SF)\"",
    "synonyms": [
      "\"(ISC)² CISSP CBK Training Seminar\"",
      "\"NICF- (ISC)² CISSP CBK Training Seminar (SF)\"",
      "CISSP Seminar",
      "CISSP Training",
      "CISSP Course"
    ]
  },
  {
    "value": "\"NICF- (ISC)² CSSLP CBK Training Seminar (SF)\"",
    "synonyms": [
      "\"(ISC)² CSSLP CBK Training Seminar\"",
      "\"NICF- (ISC)² CSSLP CBK Training Seminar (SF)\"",
      "CSSLP Training",
      "CSSLP Course",
      "CSSLP Seminar"
    ]
  },
  {
    "value": "\"NICF- AISP Qualified Information Security Professional Course (SF)\"",
    "synonyms": [
      "\"AISP Qualified Information Security Professional Course\"",
      "\"NICF- AISP Qualified Information Security Professional Course (SF)\"",
      "AISP Course"
    ]
  },
  {
    "value": "\"NICF- Cyber Security for ICT Professionals (SF)\"",
    "synonyms": [
      "\"Cyber Security for ICT Professionals\"",
      "\"NICF- Cyber Security for ICT Professionals (SF)\"",
      "Cyber Security Course"
    ]
  },
  {
    "value": "\"NICF- Cybersecurity Risk Awareness (SF)\"",
    "synonyms": [
      "\"Cybersecurity Risk Awareness\"",
      "\"NICF- Cybersecurity Risk Awareness (SF)\""
    ]
  },
  {
    "value": "\"NICF- Design Secure Mobile Architecture (SF)\"",
    "synonyms": [
      "\"Design Secure Mobile Architecture\"",
      "\"NICF- Design Secure Mobile Architecture (SF)\""
    ]
  },
  {
    "value": "\"NICF- Managing Cybersecurity Risk (SF)\"",
    "synonyms": [
      "\"Managing Cybersecurity Risk\"",
      "\"NICF- Managing Cybersecurity Risk (SF)\""
    ]
  },
  {
    "value": "\"NICF- Secure Software Development Lifecycle for Agile (SF)\"",
    "synonyms": [
      "\"Secure Software Development Lifecycle for Agile\"",
      "\"NICF- Secure Software Development Lifecycle for Agile (SF)\""
    ]
  },
  {
    "value": "\"NICF- Securing IoT (SF)\"",
    "synonyms": [
      "\"Securing IoT\"",
      "\"NICF- Securing IoT (SF)\""
    ]
  },
  {
    "value": "\"NICF- Advanced Customer Analytics (SF)\"",
    "synonyms": [
      "\"Advanced Customer Analytics\"",
      "\"NICF- Advanced Customer Analytics (SF)\""
    ]
  },
  {
    "value": "\"NICF- Big Data Engineering for Analytics (SF)\"",
    "synonyms": [
      "\"Big Data Engineering for Analytics\"",
      "\"NICF- Big Data Engineering for Analytics (SF)\""
    ]
  },
  {
    "value": "\"NICF- Customer Analytics (SF)\"",
    "synonyms": [
      "\"Customer Analytics\"",
      "\"NICF- Customer Analytics (SF)\""
    ]
  },
  {
    "value": "\"NICF- Data Analytics Process and Best Practice (SF)\"",
    "synonyms": [
      "\"Data Analytics Process and Best Practice\"",
      "\"NICF- Data Analytics Process and Best Practice (SF)\""
    ]
  },
  {
    "value": "\"NICF- Data Driven Decision Making (SF)\"",
    "synonyms": [
      "\"Data Driven Decision Making\"",
      "\"NICF- Data Driven Decision Making (SF)\""
    ]
  },
  {
    "value": "\"NICF- Data Governance \u0026 Protection (SF)\"",
    "synonyms": [
      "\"Data Governance \u0026 Protection\"",
      "\"NICF- Data Governance \u0026 Protection (SF)\""
    ]
  },
  {
    "value": "\"NICF- Data Storytelling (SF)\"",
    "synonyms": [
      "\"Data Storytelling\"",
      "\"NICF- Data Storytelling (SF)\""
    ]
  },
  {
    "value": "\"NICF- Feature Engineering and Analytics using IOT Data (SF)\"",
    "synonyms": [
      "\"Feature Engineering and Analytics using IOT Data\"",
      "\"NICF- Feature Engineering and Analytics using IOT Data (SF)\""
    ]
  },
  {
    "value": "\"NICF- Health Analytics (SF)\"",
    "synonyms": [
      "\"Health Analytics\"",
      "\"NICF- Health Analytics (SF)\""
    ]
  },
  {
    "value": "\"NICF- Managing Business Analytics Projects (SF)\"",
    "synonyms": [
      "\"Managing Business Analytics Projects\"",
      "\"NICF- Managing Business Analytics Projects (SF)\""
    ]
  },
  {
    "value": "\"NICF- Predictive Analytics - Insights of Trends and Irregularities (SF)\"",
    "synonyms": [
      "\"Predictive Analytics - Insights of Trends and Irregularities\"",
      "\"NICF- Predictive Analytics - Insights of Trends and Irregularities (SF)\""
    ]
  },
  {
    "value": "\"NICF- Recommender Systems (SF)\"",
    "synonyms": [
      "\"Recommender Systems\"",
      "\"NICF- Recommender Systems (SF)\""
    ]
  },
  {
    "value": "\"NICF- Social Media Analytics (SF)\"",
    "synonyms": [
      "\"Social Media Analytics\"",
      "\"NICF- Social Media Analytics (SF)\""
    ]
  },
  {
    "value": "\"NICF- Statistics Bootcamp (SF)\"",
    "synonyms": [
      "\"Statistics Bootcamp\"",
      "\"NICF- Statistics Bootcamp (SF)\""
    ]
  },
  {
    "value": "\"NICF- Statistics for Business (SF)\"",
    "synonyms": [
      "\"Statistics for Business\"",
      "\"NICF- Statistics for Business (SF)\""
    ]
  },
  {
    "value": "\"NICF- Web Analytics and SEO (SF)\"",
    "synonyms": [
      "\"Web Analytics and SEO\"",
      "\"NICF- Web Analytics and SEO (SF)\""
    ]
  },
  {
    "value": "\"NICF-Service Analytics (SF)\"",
    "synonyms": [
      "\"NICF-Service Analytics\"",
      "\"NICF-Service Analytics (SF)\""
    ]
  },
  {
    "value": "\"NICF- ITIL® Continual Service Improvement Certificate (SF)\"",
    "synonyms": [
      "\"ITIL® Continual Service Improvement Certificate\"",
      "\"NICF- ITIL® Continual Service Improvement Certificate (SF)\""
    ]
  },
  {
    "value": "\"Certified Scrum Product Owner\"",
    "synonyms": [
      "\"Certified Scrum Product Owner\"",
      "\"Certified Scrum Product Owner\""
    ]
  },
  {
    "value": "\"NICF - Lean IT Foundation Certification (SF)\"",
    "synonyms": [
      "\"NICF - Lean IT Foundation Certification\"",
      "\"NICF - Lean IT Foundation Certification (SF)\""
    ]
  },
  {
    "value": "\"NICF- Agile Testing (SF)\"",
    "synonyms": [
      "\"Agile Testing\"",
      "\"NICF- Agile Testing (SF)\""
    ]
  },
  {
    "value": "\"NICF- Business Agility Bootcamp (SF)\"",
    "synonyms": [
      "\"Business Agility Bootcamp\"",
      "\"NICF- Business Agility Bootcamp (SF)\""
    ]
  },
  {
    "value": "\"NICF- Business Analysis for Agile Practitioners (SF)\"",
    "synonyms": [
      "\"Business Analysis for Agile Practitioners\"",
      "\"NICF- Business Analysis for Agile Practitioners (SF)\""
    ]
  },
  {
    "value": "\"NICF- Certified LeSS Practitioner - Principles to Practices (SF)\"",
    "synonyms": [
      "\"Certified LeSS Practitioner - Principles to Practices\"",
      "\"NICF- Certified LeSS Practitioner - Principles to Practices (SF)\""
    ]
  },
  {
    "value": "\"NICF- Certified ScrumMaster (SF)\"",
    "synonyms": [
      "\"Certified ScrumMaster\"",
      "\"NICF- Certified ScrumMaster (SF)\"",
      "Scrum Master Course",
      "Scrum Master"
    ]
  },
  {
    "value": "\"NICF- DevOps Foundation with BizOps (SF)\"",
    "synonyms": [
      "\"DevOps Foundation with BizOps\"",
      "\"NICF- DevOps Foundation with BizOps (SF)\""
    ]
  },
  {
    "value": "\"NICF- Essential Practices for Agile Teams (SF)\"",
    "synonyms": [
      "\"Essential Practices for Agile Teams\"",
      "\"NICF- Essential Practices for Agile Teams (SF)\""
    ]
  },
  {
    "value": "\"NICF- ITIL® Foundation Certificate in IT Service Management (SF)\"",
    "synonyms": [
      "\"ITIL® Foundation Certificate in IT Service Management\"",
      "\"NICF- ITIL® Foundation Certificate in IT Service Management (SF)\""
    ]
  },
  {
    "value": "\"NICF- ITIL® Operational Support and Analysis Certificate (SF)\"",
    "synonyms": [
      "\"ITIL® Operational Support and Analysis Certificate\"",
      "\"NICF- ITIL® Operational Support and Analysis Certificate (SF)\""
    ]
  },
  {
    "value": "\"NICF- ITIL® Release, Control and Validation Certificate (SF)\"",
    "synonyms": [
      "\"ITIL® Release, Control and Validation Certificate\"",
      "\"NICF- ITIL® Release, Control and Validation Certificate (SF)\""
    ]
  },
  {
    "value": "\"NICF- ITIL® Service Offerings and Agreements Certificate (SF)\"",
    "synonyms": [
      "\"ITIL® Service Offerings and Agreements Certificate\"",
      "\"NICF- ITIL® Service Offerings and Agreements Certificate (SF)\""
    ]
  },
  {
    "value": "\"NICF- PMI Agile Certified Practitioner (PMI-ACP)® Preparatory Course (SF)\"",
    "synonyms": [
      "\"PMI Agile Certified Practitioner (PMI-ACP)® Preparatory Course\"",
      "\"NICF- PMI Agile Certified Practitioner (PMI-ACP)® Preparatory Course (SF)\""
    ]
  },
  {
    "value": "\"NICF- Systems Thinking \u0026 Root Cause Analysis (SF)\"",
    "synonyms": [
      "\"Systems Thinking \u0026 Root Cause Analysis\"",
      "\"NICF- Systems Thinking \u0026 Root Cause Analysis (SF)\""
    ]
  },
  {
    "value": "\"NICF- Digital \u0026 Social Engagement Strategy (SF)\"",
    "synonyms": [
      "\"Digital \u0026 Social Engagement Strategy\"",
      "\"NICF- Digital \u0026 Social Engagement Strategy (SF)\""
    ]
  },
  {
    "value": "\"NICF- Digital User Experience Design (SF)\"",
    "synonyms": [
      "\"Digital User Experience Design\"",
      "\"NICF- Digital User Experience Design (SF)\""
    ]
  },
  {
    "value": "\"NICF- Innovation Bootcamp (SF)\"",
    "synonyms": [
      "\"Innovation Bootcamp\"",
      "\"NICF- Innovation Bootcamp (SF)\""
    ]
  },
  {
    "value": "\"NICF- Mobile User Experience Design (SF)\"",
    "synonyms": [
      "\"Mobile User Experience Design\"",
      "\"NICF- Mobile User Experience Design (SF)\""
    ]
  },
  {
    "value": "\"NICF- Service Design (SF)\"",
    "synonyms": [
      "\"Service Design\"",
      "\"NICF- Service Design (SF)\""
    ]
  },
  {
    "value": "\"NICF- Strategic Design \u0026 Innovation (SF)\"",
    "synonyms": [
      "\"Strategic Design \u0026 Innovation\"",
      "\"NICF- Strategic Design \u0026 Innovation (SF)\""
    ]
  },
  {
    "value": "\"NICF- Technopreneurship (SF)\"",
    "synonyms": [
      "\"Technopreneurship\"",
      "\"NICF- Technopreneurship (SF)\""
    ]
  },
  {
    "value": "\"NICF- Communicating and Managing Change (SF)\"",
    "synonyms": [
      "\"Communicating and Managing Change\"",
      "\"NICF- Communicating and Managing Change (SF)\""
    ]
  },
  {
    "value": "\"NICF- Digital Product Strategy (SF)\"",
    "synonyms": [
      "\"Digital Product Strategy\"",
      "\"NICF- Digital Product Strategy (SF)\""
    ]
  },
  {
    "value": "\"NICF- PMP® For Project Managers (SF)\"",
    "synonyms": [
      "\"PMP® For Project Managers\"",
      "\"NICF- PMP® For Project Managers (SF)\""
    ]
  },
  {
    "value": "\"NICF- Portfolio, Programme and Project Offices (P3O®)- Foundation \u0026 Practitioner\"",
    "synonyms": [
      "\"Portfolio, Programme and Project Offices (P3O®)- Foundation \u0026 Practitioner\"",
      "\"NICF- Portfolio, Programme and Project Offices (P3O®)- Foundation \u0026 Practitioner\""
    ]
  },
  {
    "value": "\"NICF- PRINCE2® (PRojects IN Controlled Environments) - Foundation and Practitioner Certificate (SF)\"",
    "synonyms": [
      "\"PRINCE2® (PRojects IN Controlled Environments) - Foundation and Practitioner Certificate\"",
      "\"NICF- PRINCE2® (PRojects IN Controlled Environments) - Foundation and Practitioner Certificate (SF)\""
    ]
  },
  {
    "value": "\"NICF- Product Thinking for Organisations (SF)\"",
    "synonyms": [
      "\"Product Thinking for Organisations\"",
      "\"NICF- Product Thinking for Organisations (SF)\""
    ]
  },
  {
    "value": "\"NICF- Strategic Product Manager ™ (SF)\"",
    "synonyms": [
      "\"Strategic Product Manager ™\"",
      "\"NICF- Strategic Product Manager ™ (SF)\""
    ]
  },
  {
    "value": "\"NICF– Strategic Product Market Fit (SF)\"",
    "synonyms": [
      "\"NICF– Strategic Product Market Fit\"",
      "\"NICF– Strategic Product Market Fit (SF)\""
    ]
  },
  {
    "value": "\"PMI Agile Certified Practitioner (PMI-ACP® Exam Only) - Exams supported by CITREP+\"",
    "synonyms": [
      "\"PMI Agile Certified Practitioner (PMI-ACP® Exam Only) - Exams supported by CITREP+\"",
      "\"PMI Agile Certified Practitioner (PMI-ACP® Exam Only) - Exams supported by CITREP+\""
    ]
  },
  {
    "value": "\"Project Management Professional (PMP® Exam Only) - Exams supported by CITREP+\"",
    "synonyms": [
      "\"Project Management Professional (PMP® Exam Only) - Exams supported by CITREP+\"",
      "\"Project Management Professional (PMP® Exam Only) - Exams supported by CITREP+\""
    ]
  },
  {
    "value": "\"Certified Business Analysis Professional (CBAP®) Preparatory Course\"",
    "synonyms": [
      "\"Certified Business Analysis Professional (CBAP®) Preparatory Course\"",
      "\"Certified Business Analysis Professional (CBAP®) Preparatory Course\""
    ]
  },
  {
    "value": "\"e-Government Leadership\"",
    "synonyms": [
      "\"e-Government Leadership\"",
      "\"e-Government Leadership\""
    ]
  },
  {
    "value": "\"NICF - Enterprise Architecture Practicum - AOP (SF)\"",
    "synonyms": [
      "\"NICF - Enterprise Architecture Practicum - AOP\"",
      "\"NICF - Enterprise Architecture Practicum - AOP (SF)\""
    ]
  },
  {
    "value": "\"NICF- Business Process Reengineering (SF)\"",
    "synonyms": [
      "\"Business Process Reengineering\"",
      "\"NICF- Business Process Reengineering (SF)\""
    ]
  },
  {
    "value": "\"NICF- Certified Enterprise Architecture Practitioner Course (SF)\"",
    "synonyms": [
      "\"Certified Enterprise Architecture Practitioner Course\"",
      "\"NICF- Certified Enterprise Architecture Practitioner Course (SF)\""
    ]
  },
  {
    "value": "\"NICF- COBIT® 5 Foundation (SF)\"",
    "synonyms": [
      "\"COBIT® 5 Foundation\"",
      "\"NICF- COBIT® 5 Foundation (SF)\""
    ]
  },
  {
    "value": "\"NICF- Digital Transformation Planning (SF)\"",
    "synonyms": [
      "\"Digital Transformation Planning\"",
      "\"NICF- Digital Transformation Planning (SF)\""
    ]
  },
  {
    "value": "\"NICF- Enterprise Architecture Masterclass (SF)\"",
    "synonyms": [
      "\"Enterprise Architecture Masterclass\"",
      "\"NICF- Enterprise Architecture Masterclass (SF)\""
    ]
  },
  {
    "value": "\"NICF- Enterprise Architecture Practicum (SF)\"",
    "synonyms": [
      "\"Enterprise Architecture Practicum\"",
      "\"NICF- Enterprise Architecture Practicum (SF)\""
    ]
  },
  {
    "value": "\"NICF- Enterprise Digital Governance (SF)\"",
    "synonyms": [
      "\"Enterprise Digital Governance\"",
      "\"NICF- Enterprise Digital Governance (SF)\""
    ]
  },
  {
    "value": "\"NICF- Strategic Business Analysis (SF)\"",
    "synonyms": [
      "\"Strategic Business Analysis\"",
      "\"NICF- Strategic Business Analysis (SF)\""
    ]
  },
  {
    "value": "\"NICF- Strategic Futures \u0026 Foresight (SF)\"",
    "synonyms": [
      "\"Strategic Futures \u0026 Foresight\"",
      "\"NICF- Strategic Futures \u0026 Foresight (SF)\""
    ]
  },
  {
    "value": "\"NICF-Specialist Diploma in Enterprise Architecture - Exams supported by CITREP+\"",
    "synonyms": [
      "\"NICF-Specialist Diploma in Enterprise Architecture - Exams supported by CITREP+\"",
      "\"NICF-Specialist Diploma in Enterprise Architecture - Exams supported by CITREP+\""
    ]
  },
  {
    "value": "\"NICF- Architecting IoT Solutions (SF)\"",
    "synonyms": [
      "\"Architecting IoT Solutions\"",
      "\"NICF- Architecting IoT Solutions (SF)\""
    ]
  },
  {
    "value": "\"NICF- Architecting Software Solutions (SF)\"",
    "synonyms": [
      "\"Architecting Software Solutions\"",
      "\"NICF- Architecting Software Solutions (SF)\""
    ]
  },
  {
    "value": "\"NICF- Cloud Native Solution Design (SF)\"",
    "synonyms": [
      "\"Cloud Native Solution Design\"",
      "\"NICF- Cloud Native Solution Design (SF)\""
    ]
  },
  {
    "value": "\"NICF- Designing Cloud-enabled Mobile Applications (SF)\"",
    "synonyms": [
      "\"Designing Cloud-enabled Mobile Applications\"",
      "\"NICF- Designing Cloud-enabled Mobile Applications (SF)\""
    ]
  },
  {
    "value": "\"NICF- Designing Intelligent Edge Computing (SF)\"",
    "synonyms": [
      "\"Designing Intelligent Edge Computing\"",
      "\"NICF- Designing Intelligent Edge Computing (SF)\""
    ]
  },
  {
    "value": "\"NICF- Developing Smart Urban IoT Solutions (SF)\"",
    "synonyms": [
      "\"Developing Smart Urban IoT Solutions\"",
      "\"NICF- Developing Smart Urban IoT Solutions (SF)\""
    ]
  },
  {
    "value": "\"NICF- DevOps Engineering and Automation (SF)\"",
    "synonyms": [
      "\"DevOps Engineering and Automation\"",
      "\"NICF- DevOps Engineering and Automation (SF)\""
    ]
  },
  {
    "value": "\"NICF- Envisioning Smart Urban IoT Solutions (SF)\"",
    "synonyms": [
      "\"Envisioning Smart Urban IoT Solutions\"",
      "\"NICF- Envisioning Smart Urban IoT Solutions (SF)\""
    ]
  },
  {
    "value": "\"NICF- Humanizing Smart Systems (SF)\"",
    "synonyms": [
      "\"Humanizing Smart Systems\"",
      "\"NICF- Humanizing Smart Systems (SF)\""
    ]
  },
  {
    "value": "\"NICF- Introduction to Blockchain \u0026 DLT for Executives (SF)\"",
    "synonyms": [
      "\"Introduction to Blockchain \u0026 DLT for Executives\"",
      "\"NICF- Introduction to Blockchain \u0026 DLT for Executives (SF)\""
    ]
  },
  {
    "value": "\"NICF- Object Oriented Analysis \u0026 Design (SF)\"",
    "synonyms": [
      "\"Object Oriented Analysis \u0026 Design\"",
      "\"NICF- Object Oriented Analysis \u0026 Design (SF)\""
    ]
  },
  {
    "value": "\"NICF- Object Oriented Design Patterns (SF)\"",
    "synonyms": [
      "\"Object Oriented Design Patterns\"",
      "\"NICF- Object Oriented Design Patterns (SF)\""
    ]
  },
  {
    "value": "\"NICF- Platform Engineering (SF)\"",
    "synonyms": [
      "\"Platform Engineering\"",
      "\"NICF- Platform Engineering (SF)\""
    ]
  },
  {
    "value": "\"NUS Graduate Diploma in Systems Analysis - Capstone \u0026 Internship\"",
    "synonyms": [
      "\"NUS Graduate Diploma in Systems Analysis - Capstone \u0026 Internship\"",
      "\"NUS Graduate Diploma in Systems Analysis - Capstone \u0026 Internship\""
    ]
  },
  {
    "value": "\"NUS Graduate Diploma in Systems Analysis (SF)\"",
    "synonyms": [
      "\"NUS Graduate Diploma in Systems Analysis\"",
      "\"NUS Graduate Diploma in Systems Analysis (SF)\""
    ]
  },
  {
    "value": "\"NUS-ISS Certificate in Digital Solutions Development – Design (SF)\"",
    "synonyms": [
      "\"NUS-ISS Certificate in Digital Solutions Development – Design\"",
      "\"NUS-ISS Certificate in Digital Solutions Development – Design (SF)\""
    ]
  },
  {
    "value": "\"NUS-ISS Certificate in Digital Solutions Development – Foundations (SF)\"",
    "synonyms": [
      "\"NUS-ISS Certificate in Digital Solutions Development – Foundations\"",
      "\"NUS-ISS Certificate in Digital Solutions Development – Foundations (SF)\""
    ]
  },
  {
    "value": "\"NUS-ISS Certificate in Digital Solutions Development - Mobility Applications (SF)\"",
    "synonyms": [
      "\"NUS-ISS Certificate in Digital Solutions Development - Mobility Applications\"",
      "\"NUS-ISS Certificate in Digital Solutions Development - Mobility Applications (SF)\""
    ]
  },
  {
    "value": "\"NUS-ISS Certificate in Digital Solutions Development – Web Applications (SF)\"",
    "synonyms": [
      "\"NUS-ISS Certificate in Digital Solutions Development – Web Applications\"",
      "\"NUS-ISS Certificate in Digital Solutions Development – Web Applications (SF)\""
    ]
  },
  {
    "value": "\"NUS-ISS Stackable Certificate Programmes in Digital Solutions Development\"",
    "synonyms": [
      "\"NUS-ISS Stackable Certificate Programmes in Digital Solutions Development\"",
      "\"NUS-ISS Stackable Certificate Programmes in Digital Solutions Development\""
    ]
  },
  {
    "value": "\"NICF- Client Side Foundation (SF)\"",
    "synonyms": [
      "\"Client Side Foundation\"",
      "\"NICF- Client Side Foundation (SF)\""
    ]
  },
  {
    "value": "\"NICF- Containers for Deploying and Scaling Apps (SF)\"",
    "synonyms": [
      "\"Containers for Deploying and Scaling Apps\"",
      "\"NICF- Containers for Deploying and Scaling Apps (SF)\""
    ]
  },
  {
    "value": "\"NICF- Data and Feature Engineering for Machine Learning (SF)\"",
    "synonyms": [
      "\"Data and Feature Engineering for Machine Learning\"",
      "\"NICF- Data and Feature Engineering for Machine Learning (SF)\""
    ]
  },
  {
    "value": "\"NICF- Feature Extraction and Supervised Modeling with Deep Learning (SF)\"",
    "synonyms": [
      "\"Feature Extraction and Supervised Modeling with Deep Learning\"",
      "\"NICF- Feature Extraction and Supervised Modeling with Deep Learning (SF)\""
    ]
  },
  {
    "value": "\"NICF- Persistence and Analytics Fundamentals (SF)\"",
    "synonyms": [
      "\"Persistence and Analytics Fundamentals\"",
      "\"NICF- Persistence and Analytics Fundamentals (SF)\""
    ]
  },
  {
    "value": "\"NICF- Python for Data, Ops and Things (SF)\"",
    "synonyms": [
      "\"Python for Data, Ops and Things\"",
      "\"NICF- Python for Data, Ops and Things (SF)\""
    ]
  },
  {
    "value": "\"NICF- RESTful API Design (SF)\"",
    "synonyms": [
      "\"RESTful API Design\"",
      "\"NICF- RESTful API Design (SF)\""
    ]
  },
  {
    "value": "\"NICF- Security Notification and Messaging Fundamentals (SF)\"",
    "synonyms": [
      "\"Security Notification and Messaging Fundamentals\"",
      "\"NICF- Security Notification and Messaging Fundamentals (SF)\""
    ]
  },
  {
    "value": "\"NICF- Sequence Modeling with Deep Learning (SF)\"",
    "synonyms": [
      "\"Sequence Modeling with Deep Learning\"",
      "\"NICF- Sequence Modeling with Deep Learning (SF)\""
    ]
  },
  {
    "value": "\"NICF- Server Side Foundation (SF)\"",
    "synonyms": [
      "\"Server Side Foundation\"",
      "\"NICF- Server Side Foundation (SF)\""
    ]
  },
  {
    "value": "\"NICF- Supervised and Unsupervised Modeling with Machine Learning (SF)\"",
    "synonyms": [
      "\"Supervised and Unsupervised Modeling with Machine Learning\"",
      "\"NICF- Supervised and Unsupervised Modeling with Machine Learning (SF)\""
    ]
  }
]