[
  {
    "value": "Facilities Management \u0026 Administration",
    "synonyms": [
      "Facilities Management \u0026 Administration"
    ]
  },
  {
    "value": "Administration Directors",
    "synonyms": [
      "Administration Directors"
    ]
  },
  {
    "value": "Business Development",
    "synonyms": [
      "Business Development"
    ]
  },
  {
    "value": "Career Services",
    "synonyms": [
      "Career Services"
    ]
  },
  {
    "value": "CEO\u0027s Office",
    "synonyms": [
      "CEO\u0027s Office"
    ]
  },
  {
    "value": "Executive Education Programme Administration",
    "synonyms": [
      "Executive Education Programme Administration"
    ]
  },
  {
    "value": "Finance",
    "synonyms": [
      "Finance"
    ]
  },
  {
    "value": "Graduate Programme Administration",
    "synonyms": [
      "Graduate Programme Administration"
    ]
  },
  {
    "value": "Graduate Recruitment",
    "synonyms": [
      "Graduate Recruitment"
    ]
  },
  {
    "value": "Human Resources",
    "synonyms": [
      "Human Resources"
    ]
  },
  {
    "value": "IT Services",
    "synonyms": [
      "IT Services"
    ]
  },
  {
    "value": "Marketing \u0026 Communications",
    "synonyms": [
      "Marketing \u0026 Communications"
    ]
  },
  {
    "value": "Quality Management \u0026 Data Management",
    "synonyms": [
      "Quality Management \u0026 Data Management"
    ]
  }
]