[
  {
    "value": "Artificial Intelligence",
    "synonyms": [
      "Artificial Intelligence",
      "AI"
    ]
  },
  {
    "value": "CyberSecurity",
    "synonyms": [
      "CyberSecurity"
    ]
  },
  {
    "value": "Data Science",
    "synonyms": [
      "Data Science"
    ]
  },
  {
    "value": "Digital Agility",
    "synonyms": [
      "Digital Agility"
    ]
  },
  {
    "value": "Digital Strategy \u0026 Leadership",
    "synonyms": [
      "Digital Strategy \u0026 Leadership"
    ]
  },
  {
    "value": "Digital Products \u0026 Platforms",
    "synonyms": [
      "Digital Products \u0026 Platforms"
    ]
  },
  {
    "value": "Professional Conversion Programmes",
    "synonyms": [
      "Professional Conversion Programmes",
      "PCP"
    ]
  },
  {
    "value": "SkillsFuture Series",
    "synonyms": [
      "SkillsFuture Series"
    ]
  },
  {
    "value": "Smart Health Leadership",
    "synonyms": [
      "Smart Health Leadership"
    ]
  },
  {
    "value": "Software Systems",
    "synonyms": [
      "Software Systems"
    ]
  },
  {
    "value": "Startup Tech Talent Development",
    "synonyms": [
      "Startup Tech Talent Development"
    ]
  },
  {
    "value": "Digital Solutions Development",
    "synonyms": [
      "Digital Solutions Development"
    ]
  }
]