[
  {
    "value": "Preview Talk",
    "synonyms": [
      "Preview Talk"
    ]
  },
  {
    "value": "Seminars \u0026 Conferences",
    "synonyms": [
      "Seminars \u0026 Conferences"
    ]
  },
  {
    "value": "Communities of Practice",
    "synonyms": [
      "Communities of Practice"
    ]
  },
  {
    "value": "Graduate Programme Preview Talks \u0026 Roadshows",
    "synonyms": [
      "Graduate Programme Preview Talks \u0026 Roadshows"
    ]
  },
  {
    "value": "Industry Events",
    "synonyms": [
      "Industry Events"
    ]
  },
  {
    "value": "Speaking Engagements",
    "synonyms": [
      "Speaking Engagements"
    ]
  },
  {
    "value": "NUS-ISS Corporate Events",
    "synonyms": [
      "NUS-ISS Corporate Events"
    ]
  }
]