[
  {
    "value": "Workfare Training Support Scheme",
    "synonyms": [
      "Workfare Training Support Scheme",
      "WTS"
    ]
  },
  {
    "value": "SkillsFuture Funding",
    "synonyms": [
      "SkillsFuture Funding"
    ]
  },
  {
    "value": "Critical Infocomm Technology Resource Programme Plus",
    "synonyms": [
      "Critical Infocomm Technology Resource Programme Plus",
      "CITREP+"
    ]
  },
  {
    "value": "Enhanced Training Support for SMEs",
    "synonyms": [
      "Enhanced Training Support for SMEs",
      "ETSS"
    ]
  },
  {
    "value": "Absentee Payroll Funding for Organisations",
    "synonyms": [
      "Absentee Payroll Funding for Organisations"
    ]
  },
  {
    "value": "Productivity and Innovation Credit Scheme",
    "synonyms": [
      "Productivity and Innovation Credit Scheme",
      "PIC"
    ]
  },
  {
    "value": "MOE Subsidy",
    "synonyms": [
      "MOE Subsidy"
    ]
  },
  {
    "value": "Tuition Fee Loan",
    "synonyms": [
      "Tuition Fee Loan"
    ]
  },
  {
    "value": "SkillsFuture Credit",
    "synonyms": [
      "SkillsFuture Credit"
    ]
  },
  {
    "value": "Skills Future Mid-Career ",
    "synonyms": [
      "Skills Future Mid-Career "
    ]
  },
  {
    "value": "Enhanced Subsidy",
    "synonyms": [
      "Enhanced Subsidy"
    ]
  },
  {
    "value": "ISS Student Assistance Loan Scheme",
    "synonyms": [
      "ISS Student Assistance Loan Scheme"
    ]
  }
]