[
  {
    "value": "Graduate Diploma in Systems Analysis",
    "synonyms": [
      "Graduate Diploma in Systems Analysis",
      "SA",
      "GDIP"
    ]
  },
  {
    "value": "Master of Technology in Enterprise Business Analytics",
    "synonyms": [
      "Master of Technology in Enterprise Business Analytics",
      "EBAC",
      "MTECH in EBAC",
      "MTECH EBAC",
      "Enterprise Business Analytics",
      "Masters in EBAC",
      "Masters in Enterprise Business Analytics"
    ]
  },
  {
    "value": "Master of Technology in Digital Leadership",
    "synonyms": [
      "Master of Technology in Digital Leadership",
      "DL",
      "MTECH in DL",
      "MTECH DL",
      "digital leadership",
      "Masters in digital leadership",
      "mtech in digital leadership"
    ]
  },
  {
    "value": "Master of Technology in Software Engineering",
    "synonyms": [
      "Master of Technology in Software Engineering",
      "SE",
      "MTECH in SE",
      "MTECH SE"
    ]
  },
  {
    "value": "Master of Technology in Intelligent Systems",
    "synonyms": [
      "Master of Technology in Intelligent Systems",
      "IS",
      "MTECH in IS",
      "MTECH IS",
      "Intelligent System",
      "Masters in Intelligent Systems",
      "Masters in IS"
    ]
  }
]