[
  {
    "value": "Intelligent Reasoning Systems",
    "synonyms": [
      "Intelligent Reasoning Systems"
    ]
  },
  {
    "value": "Pattern Recognition Systems",
    "synonyms": [
      "Pattern Recognition Systems"
    ]
  },
  {
    "value": "Intelligent Sensing Systems",
    "synonyms": [
      "Intelligent Sensing Systems"
    ]
  },
  {
    "value": "Practical Language Processing",
    "synonyms": [
      "Practical Language Processing"
    ]
  },
  {
    "value": "Intelligent Robotic Systems",
    "synonyms": [
      "Intelligent Robotic Systems"
    ]
  },
  {
    "value": "CyberSecurity",
    "synonyms": [
      "CyberSecurity"
    ]
  },
  {
    "value": "Management of Business Analytics Project",
    "synonyms": [
      "Management of Business Analytics Project"
    ]
  },
  {
    "value": "Business Analytics Practice",
    "synonyms": [
      "Business Analytics Practice"
    ]
  },
  {
    "value": "Customer Analytics",
    "synonyms": [
      "Customer Analytics"
    ]
  },
  {
    "value": "Big Data Engineering and Web Analytics",
    "synonyms": [
      "Big Data Engineering and Web Analytics"
    ]
  },
  {
    "value": "Predictive Modelling and Forecasting",
    "synonyms": [
      "Predictive Modelling and Forecasting"
    ]
  },
  {
    "value": "Digital Marketing",
    "synonyms": [
      "Digital Marketing"
    ]
  },
  {
    "value": "Business \u0026 Project Management",
    "synonyms": [
      "Business \u0026 Project Management"
    ]
  },
  {
    "value": "Software Engineering",
    "synonyms": [
      "Software Engineering"
    ]
  },
  {
    "value": "IT Service Management",
    "synonyms": [
      "IT Service Management"
    ]
  },
  {
    "value": "Design Thinking",
    "synonyms": [
      "Design Thinking"
    ]
  },
  {
    "value": "User Experience",
    "synonyms": [
      "User Experience"
    ]
  },
  {
    "value": "Digital Leadership \u0026 Transformation",
    "synonyms": [
      "Digital Leadership \u0026 Transformation"
    ]
  },
  {
    "value": "Business Agility",
    "synonyms": [
      "Business Agility"
    ]
  },
  {
    "value": "Enterprise Architecture",
    "synonyms": [
      "Enterprise Architecture"
    ]
  },
  {
    "value": "Governance \u0026 Cybersecurity",
    "synonyms": [
      "Governance \u0026 Cybersecurity"
    ]
  },
  {
    "value": "e-Government Leadership",
    "synonyms": [
      "e-Government Leadership"
    ]
  },
  {
    "value": "Digital Product Management",
    "synonyms": [
      "Digital Product Management"
    ]
  },
  {
    "value": "Digital Project Management",
    "synonyms": [
      "Digital Project Management"
    ]
  },
  {
    "value": "Product \u0026 Project Leadership and Business Transformation",
    "synonyms": [
      "Product \u0026 Project Leadership and Business Transformation"
    ]
  },
  {
    "value": "Finance",
    "synonyms": [
      "Finance"
    ]
  },
  {
    "value": "Data Analytics",
    "synonyms": [
      "Data Analytics"
    ]
  },
  {
    "value": "Tech-Enabled Services",
    "synonyms": [
      "Tech-Enabled Services"
    ]
  },
  {
    "value": "Urban Solutions",
    "synonyms": [
      "Urban Solutions"
    ]
  },
  {
    "value": "Advanced Manufacturing",
    "synonyms": [
      "Advanced Manufacturing"
    ]
  },
  {
    "value": "Entrepreneurship",
    "synonyms": [
      "Entrepreneurship"
    ]
  },
  {
    "value": "Digital Media",
    "synonyms": [
      "Digital Media"
    ]
  },
  {
    "value": "Complexity",
    "synonyms": [
      "Complexity"
    ]
  },
  {
    "value": "Data",
    "synonyms": [
      "Data"
    ]
  },
  {
    "value": "Technology",
    "synonyms": [
      "Technology"
    ]
  },
  {
    "value": "Design",
    "synonyms": [
      "Design"
    ]
  },
  {
    "value": "Transformation",
    "synonyms": [
      "Transformation"
    ]
  },
  {
    "value": "Digital Solutions Development",
    "synonyms": [
      "Digital Solutions Development"
    ]
  },
  {
    "value": "Software Architecture",
    "synonyms": [
      "Software Architecture"
    ]
  },
  {
    "value": "Architecting Scalable Systems",
    "synonyms": [
      "Architecting Scalable Systems"
    ]
  },
  {
    "value": "Product Management",
    "synonyms": [
      "Product Management"
    ]
  },
  {
    "value": "Engineering Big Data",
    "synonyms": [
      "Engineering Big Data"
    ]
  },
  {
    "value": "Architecting Smart Systems",
    "synonyms": [
      "Architecting Smart Systems"
    ]
  },
  {
    "value": "Securing Ubiquitous Systems",
    "synonyms": [
      "Securing Ubiquitous Systems"
    ]
  },
  {
    "value": "Software Platforms",
    "synonyms": [
      "Software Platforms"
    ]
  },
  {
    "value": "Programming Fundamentals",
    "synonyms": [
      "Programming Fundamentals"
    ]
  },
  {
    "value": "Full Stack Foundation",
    "synonyms": [
      "Full Stack Foundation"
    ]
  },
  {
    "value": "Cloud Design",
    "synonyms": [
      "Cloud Design"
    ]
  },
  {
    "value": "Artificial Intelligence \u0026 Machine Learning",
    "synonyms": [
      "Artificial Intelligence \u0026 Machine Learning"
    ]
  },
  {
    "value": "Analytics Project Management and Delivery",
    "synonyms": [
      "Analytics Project Management and Delivery"
    ]
  },
  {
    "value": "Core Analytics Techniques",
    "synonyms": [
      "Core Analytics Techniques"
    ]
  },
  {
    "value": "Customer Analytics",
    "synonyms": [
      "Customer Analytics"
    ]
  },
  {
    "value": "Big Data Processing",
    "synonyms": [
      "Big Data Processing"
    ]
  },
  {
    "value": "Intelligent Software Agents",
    "synonyms": [
      "Intelligent Software Agents"
    ]
  },
  {
    "value": "Architecting Smart Systems",
    "synonyms": [
      "Architecting Smart Systems"
    ]
  },
  {
    "value": "Designing and Managing Products and Platforms",
    "synonyms": [
      "Designing and Managing Products and Platforms"
    ]
  },
  {
    "value": "Engineering Big Data",
    "synonyms": [
      "Engineering Big Data"
    ]
  },
  {
    "value": "Securing Ubiquitous Systems",
    "synonyms": [
      "Securing Ubiquitous Systems"
    ]
  }
]