[
  {
    "id": "f6cd2ae8-5394-4c73-a245-a08ad4d7a5ab",
    "data": [
      {
        "text": "good night",
        "userDefined": false
      }
    ],
    "isTemplate": false,
    "count": 0
  },
  {
    "id": "fe1910ef-ade1-4390-85a2-e14c0e98a8d0",
    "data": [
      {
        "text": "Take care",
        "userDefined": false
      }
    ],
    "isTemplate": false,
    "count": 0
  },
  {
    "id": "63dd0378-211b-49bd-905b-032371382b64",
    "data": [
      {
        "text": " I\u0027m off",
        "userDefined": false
      }
    ],
    "isTemplate": false,
    "count": 0
  },
  {
    "id": "787298e5-df84-40b2-83b1-1605bdb2f22b",
    "data": [
      {
        "text": "talk to you later",
        "userDefined": false
      }
    ],
    "isTemplate": false,
    "count": 0
  },
  {
    "id": "7f58bb65-86c2-47ca-8c00-65bd0c7ec8ae",
    "data": [
      {
        "text": "see you soon",
        "userDefined": false
      }
    ],
    "isTemplate": false,
    "count": 0
  },
  {
    "id": "f3fb11bc-3428-496d-8477-e8bc94b4b6cf",
    "data": [
      {
        "text": "See you later",
        "userDefined": false
      }
    ],
    "isTemplate": false,
    "count": 0
  },
  {
    "id": "e7e78e22-b414-4b95-a248-fef46c1d2e74",
    "data": [
      {
        "text": "Good Bye",
        "userDefined": false
      }
    ],
    "isTemplate": false,
    "count": 0
  },
  {
    "id": "985b254b-b17b-40ae-802c-8e2e92c56885",
    "data": [
      {
        "text": "GoodBye",
        "userDefined": false
      }
    ],
    "isTemplate": false,
    "count": 0
  }
]