[
  {
    "id": "4c2f0603-4a14-41aa-acb9-96dae2dea56e",
    "data": [
      {
        "text": "what kind of program does ISS have?",
        "userDefined": false
      }
    ],
    "isTemplate": false,
    "count": 0
  },
  {
    "id": "e7219d5c-8739-430d-b35e-61725f3d27a2",
    "data": [
      {
        "text": "i wan to look for courses",
        "userDefined": false
      }
    ],
    "isTemplate": false,
    "count": 0
  },
  {
    "id": "1dbd113d-2111-4524-8cf6-d6a4bf3b4196",
    "data": [
      {
        "text": "what course do you have?",
        "userDefined": false
      }
    ],
    "isTemplate": false,
    "count": 0
  },
  {
    "id": "53822844-3d8d-4e68-b908-25fa2cebbdde",
    "data": [
      {
        "text": "I am looking for courses",
        "userDefined": false
      }
    ],
    "isTemplate": false,
    "count": 0
  },
  {
    "id": "6e07fa37-4a03-4ced-bb22-96f4eac242c5",
    "data": [
      {
        "text": "what is the scope of ",
        "userDefined": false
      },
      {
        "text": "IS",
        "alias": "GraduateProgram",
        "meta": "@GraduateProgram",
        "userDefined": false
      },
      {
        "text": "?",
        "userDefined": false
      }
    ],
    "isTemplate": false,
    "count": 0
  },
  {
    "id": "039d42b6-e8e4-4174-89b8-89a3e48699b1",
    "data": [
      {
        "text": "what are the courses offer?",
        "userDefined": false
      }
    ],
    "isTemplate": false,
    "count": 0
  },
  {
    "id": "7cbef03b-031e-49c9-9f5c-4ec2cb5561a7",
    "data": [
      {
        "text": "what course can i take in iss?",
        "userDefined": false
      }
    ],
    "isTemplate": false,
    "count": 0
  },
  {
    "id": "8fa4664e-290f-45fd-a097-a42d758ff8ad",
    "data": [
      {
        "text": "what courses does ISS offer?",
        "userDefined": false
      }
    ],
    "isTemplate": false,
    "count": 0
  },
  {
    "id": "8c994f72-f729-4d34-afdd-4f01600b29b2",
    "data": [
      {
        "text": "What courses are available in ISS?",
        "userDefined": false
      }
    ],
    "isTemplate": false,
    "count": 0
  }
]