[
  {
    "id": "f65b3fd6-6008-421a-8f97-39802ff3d03a",
    "data": [
      {
        "text": "who can apply ",
        "userDefined": false
      },
      {
        "text": "IS",
        "alias": "GraduateProgram",
        "meta": "@GraduateProgram",
        "userDefined": false
      },
      {
        "text": " course?",
        "userDefined": false
      }
    ],
    "isTemplate": false,
    "count": 0
  },
  {
    "id": "12544f15-41b1-47d7-bf4e-118ab89faf3b",
    "data": [
      {
        "text": "who should apply for ",
        "userDefined": false
      },
      {
        "text": "IS",
        "alias": "GraduateProgram",
        "meta": "@GraduateProgram",
        "userDefined": false
      },
      {
        "text": " master course?",
        "userDefined": false
      }
    ],
    "isTemplate": false,
    "count": 0
  },
  {
    "id": "1ec135be-8865-4c6d-9ffc-4b6e3f208f36",
    "data": [
      {
        "text": "who is suitable to study ",
        "userDefined": false
      },
      {
        "text": "IS",
        "alias": "GraduateProgram",
        "meta": "@GraduateProgram",
        "userDefined": false
      },
      {
        "text": "?",
        "userDefined": false
      }
    ],
    "isTemplate": false,
    "count": 0
  },
  {
    "id": "e0e3b6ff-3741-4160-85d4-a33a571a99d6",
    "data": [
      {
        "text": "Who is ",
        "userDefined": false
      },
      {
        "text": "Master of Technology in Digital Leadership",
        "alias": "GraduateProgram",
        "meta": "@GraduateProgram",
        "userDefined": true
      },
      {
        "text": " looking for ?",
        "userDefined": false
      }
    ],
    "isTemplate": false,
    "count": 0
  },
  {
    "id": "9a2f7c82-4a83-4e6b-8d72-f1e683548993",
    "data": [
      {
        "text": "Who should apply for the ",
        "userDefined": false
      },
      {
        "text": "IS",
        "alias": "GraduateProgram",
        "meta": "@GraduateProgram",
        "userDefined": true
      },
      {
        "text": " ?",
        "userDefined": false
      }
    ],
    "isTemplate": false,
    "count": 0
  }
]