[
  {
    "id": "8e6efc63-0605-4ed4-864b-3f57d3ca558c",
    "data": [
      {
        "text": "what is the requirement to apply ",
        "userDefined": false
      },
      {
        "text": "IS",
        "alias": "GraduateProgram",
        "meta": "@GraduateProgram",
        "userDefined": false
      },
      {
        "text": " course?",
        "userDefined": false
      }
    ],
    "isTemplate": false,
    "count": 0
  },
  {
    "id": "9b0a774e-a9c3-492a-9d08-0aa7c5673868",
    "data": [
      {
        "text": "what is the application requirement for ",
        "userDefined": false
      },
      {
        "text": "IS",
        "alias": "GraduateProgram",
        "meta": "@GraduateProgram",
        "userDefined": false
      },
      {
        "text": "?",
        "userDefined": false
      }
    ],
    "isTemplate": false,
    "count": 0
  },
  {
    "id": "9c76a809-fdbd-4eae-abec-ce3c5882847c",
    "data": [
      {
        "text": "will all applicants be ",
        "userDefined": false
      },
      {
        "text": "interviewed",
        "alias": "AdmissionRequirment",
        "meta": "@AdmissionRequirment",
        "userDefined": false
      },
      {
        "text": "?",
        "userDefined": false
      }
    ],
    "isTemplate": false,
    "count": 0
  },
  {
    "id": "da64e214-6b0b-482e-96c8-3eb2764d446c",
    "data": [
      {
        "text": "any ",
        "userDefined": false
      },
      {
        "text": "requirements",
        "alias": "AdmissionRequirment",
        "meta": "@AdmissionRequirment",
        "userDefined": true
      },
      {
        "text": " for taking ",
        "userDefined": false
      },
      {
        "text": "mtech in ebac",
        "alias": "GraduateProgram",
        "meta": "@GraduateProgram",
        "userDefined": true
      },
      {
        "text": "?",
        "userDefined": false
      }
    ],
    "isTemplate": false,
    "count": 0
  },
  {
    "id": "cd328f70-71a7-4fe1-8068-077c95f5aa89",
    "data": [
      {
        "text": "Are there any ",
        "userDefined": false
      },
      {
        "text": "prerequisites",
        "alias": "AdmissionRequirment",
        "meta": "@AdmissionRequirment",
        "userDefined": true
      },
      {
        "text": " for taking part in the ",
        "userDefined": false
      },
      {
        "text": "DL",
        "alias": "GraduateProgram",
        "meta": "@GraduateProgram",
        "userDefined": true
      },
      {
        "text": "?",
        "userDefined": false
      }
    ],
    "isTemplate": false,
    "count": 0
  },
  {
    "id": "e9aa6f92-6bd0-48cd-880f-b7fe65be6802",
    "data": [
      {
        "text": "Are there any ",
        "userDefined": false
      },
      {
        "text": "admission test",
        "alias": "AdmissionRequirment",
        "meta": "@AdmissionRequirment",
        "userDefined": true
      },
      {
        "text": " for ",
        "userDefined": false
      },
      {
        "text": "IS",
        "alias": "GraduateProgram",
        "meta": "@GraduateProgram",
        "userDefined": true
      },
      {
        "text": "?",
        "userDefined": false
      }
    ],
    "isTemplate": false,
    "count": 0
  },
  {
    "id": "a40b6d8a-49fe-4a21-89ff-5022a6cff3b7",
    "data": [
      {
        "text": "Are there any ",
        "userDefined": false
      },
      {
        "text": "admission interviews",
        "alias": "AdmissionRequirment",
        "meta": "@AdmissionRequirment",
        "userDefined": true
      },
      {
        "text": " for ",
        "userDefined": false
      },
      {
        "text": "Master of Technology in Knowledge Engineering",
        "alias": "GraduateProgram",
        "meta": "@GraduateProgram",
        "userDefined": true
      },
      {
        "text": "?",
        "userDefined": false
      }
    ],
    "isTemplate": false,
    "count": 0
  },
  {
    "id": "ba332eb5-055b-475b-9d96-43dc9572b4d1",
    "data": [
      {
        "text": "What are the application ",
        "userDefined": false
      },
      {
        "text": "requirements",
        "alias": "AdmissionRequirment",
        "meta": "@AdmissionRequirment",
        "userDefined": true
      },
      {
        "text": " for ",
        "userDefined": false
      },
      {
        "text": "Master of Technology in Digital Leadership",
        "alias": "GraduateProgram",
        "meta": "@GraduateProgram",
        "userDefined": true
      },
      {
        "text": "?",
        "userDefined": false
      }
    ],
    "isTemplate": false,
    "count": 0
  }
]