[
  {
    "id": "4707a18f-1597-4632-911a-9359e5664eb7",
    "data": [
      {
        "text": "what is the application process for ",
        "userDefined": false
      },
      {
        "text": "IS",
        "alias": "GraduateProgram",
        "meta": "@GraduateProgram",
        "userDefined": true
      },
      {
        "text": " program?",
        "userDefined": false
      }
    ],
    "isTemplate": false,
    "count": 0
  },
  {
    "id": "dd9e89b4-9fd3-4f27-a45d-e582713f93c0",
    "data": [
      {
        "text": "How to apply for ",
        "userDefined": false
      },
      {
        "text": "IS",
        "alias": "GraduateProgram",
        "meta": "@GraduateProgram",
        "userDefined": false
      },
      {
        "text": "?",
        "userDefined": false
      }
    ],
    "isTemplate": false,
    "count": 0
  },
  {
    "id": "a125a183-8abd-46e2-a1d1-52ce823e0d3a",
    "data": [
      {
        "text": "what is the process to apply for ",
        "userDefined": false
      },
      {
        "text": "IS",
        "alias": "GraduateProgram",
        "meta": "@GraduateProgram",
        "userDefined": false
      },
      {
        "text": "?",
        "userDefined": false
      }
    ],
    "isTemplate": false,
    "count": 0
  },
  {
    "id": "ee9effdf-afc6-4b42-9cf6-1150f22d9447",
    "data": [
      {
        "text": "how do I register for the ",
        "userDefined": false
      },
      {
        "text": "Master of Technology in Digital Leadership",
        "alias": "GraduateProgram",
        "meta": "@GraduateProgram",
        "userDefined": true
      },
      {
        "text": " ?",
        "userDefined": false
      }
    ],
    "isTemplate": false,
    "count": 0
  },
  {
    "id": "ef4ef07c-cce7-4d34-a352-f8bff0ee3e16",
    "data": [
      {
        "text": "How can I apply for ",
        "userDefined": false
      },
      {
        "text": "IS",
        "alias": "GraduateProgram",
        "meta": "@GraduateProgram",
        "userDefined": true
      },
      {
        "text": " ?",
        "userDefined": false
      }
    ],
    "isTemplate": false,
    "count": 0
  }
]