[
  {
    "id": "0687e9bd-d887-4f57-aaf2-fc83f4d96ea2",
    "data": [
      {
        "text": "why choose ",
        "userDefined": false
      },
      {
        "text": "EBAC",
        "alias": "GraduateProgram",
        "meta": "@GraduateProgram",
        "userDefined": true
      },
      {
        "text": "?",
        "userDefined": false
      }
    ],
    "isTemplate": false,
    "count": 0
  },
  {
    "id": "687d5466-61ed-4bf4-be36-dfffea6feff9",
    "data": [
      {
        "text": "How could ",
        "userDefined": false
      },
      {
        "text": "Master of Technology in Intelligent System",
        "alias": "GraduateProgram",
        "meta": "@GraduateProgram",
        "userDefined": false
      },
      {
        "text": " help me?",
        "userDefined": false
      }
    ],
    "isTemplate": false,
    "count": 0
  },
  {
    "id": "0296a421-f276-49c6-9896-109cb32df927",
    "data": [
      {
        "text": "why should I register for ",
        "userDefined": false
      },
      {
        "text": "IS",
        "alias": "GraduateProgram",
        "meta": "@GraduateProgram",
        "userDefined": true
      },
      {
        "text": " ?",
        "userDefined": false
      }
    ],
    "isTemplate": false,
    "count": 0
  },
  {
    "id": "582f76f7-38a9-4546-afee-1d3a67049aff",
    "data": [
      {
        "text": "how can i benefit from ",
        "userDefined": false
      },
      {
        "text": "Master of Technology in Digital Leadership",
        "alias": "GraduateProgram",
        "meta": "@GraduateProgram",
        "userDefined": true
      },
      {
        "text": " ?",
        "userDefined": false
      }
    ],
    "isTemplate": false,
    "count": 0
  },
  {
    "id": "9e494b2f-b131-4482-a7f9-d78fd56495a0",
    "data": [
      {
        "text": "what are the benefits of ",
        "userDefined": false
      },
      {
        "text": "Ebac",
        "alias": "GraduateProgram",
        "meta": "@GraduateProgram",
        "userDefined": true
      },
      {
        "text": " ?",
        "userDefined": false
      }
    ],
    "isTemplate": false,
    "count": 0
  }
]