[
  {
    "id": "5da383e1-7130-4d81-914c-d7c4d3b68c9c",
    "data": [
      {
        "text": "what is the career prospect for ",
        "userDefined": false
      },
      {
        "text": "EBAC",
        "alias": "GraduateProgram",
        "meta": "@GraduateProgram",
        "userDefined": false
      },
      {
        "text": "?",
        "userDefined": false
      }
    ],
    "isTemplate": false,
    "count": 0
  },
  {
    "id": "02d2fdc7-0232-4ffa-976f-2de806de4819",
    "data": [
      {
        "text": "what is career prospect for ",
        "userDefined": false
      },
      {
        "text": "IS",
        "alias": "GraduateProgram",
        "meta": "@GraduateProgram",
        "userDefined": false
      },
      {
        "text": "?",
        "userDefined": false
      }
    ],
    "isTemplate": false,
    "count": 0
  },
  {
    "id": "ddb60aa2-fb9a-4ce8-849c-63b5542a377c",
    "data": [
      {
        "text": "what are the possible opportunities for me after graduation ?",
        "userDefined": false
      }
    ],
    "isTemplate": false,
    "count": 0
  },
  {
    "id": "85e71c67-896c-48fe-a129-6b5557bbf274",
    "data": [
      {
        "text": "what role can i play in the company after graduated from ",
        "userDefined": false
      },
      {
        "text": "IS",
        "alias": "GraduateProgram",
        "meta": "@GraduateProgram",
        "userDefined": true
      },
      {
        "text": "?",
        "userDefined": false
      }
    ],
    "isTemplate": false,
    "count": 0
  },
  {
    "id": "425bf399-2218-4e26-898e-e014d12d8714",
    "data": [
      {
        "text": "what are the job i can pursue after graduated from ",
        "userDefined": false
      },
      {
        "text": "IS",
        "alias": "GraduateProgram",
        "meta": "@GraduateProgram",
        "userDefined": true
      },
      {
        "text": "?",
        "userDefined": false
      }
    ],
    "isTemplate": false,
    "count": 1
  },
  {
    "id": "2664045e-3494-41d3-b6de-dbb20cdc5451",
    "data": [
      {
        "text": "what can I do after graduation from ",
        "userDefined": false
      },
      {
        "text": "Master of Technology in Enterprise Business Analytics",
        "alias": "GraduateProgram",
        "meta": "@GraduateProgram",
        "userDefined": true
      },
      {
        "text": " ?",
        "userDefined": false
      }
    ],
    "isTemplate": false,
    "count": 0
  },
  {
    "id": "c0890517-0750-40c4-96db-c32d37abe27a",
    "data": [
      {
        "text": "what are the career opportunities in ",
        "userDefined": false
      },
      {
        "text": "IS",
        "alias": "GraduateProgram",
        "meta": "@GraduateProgram",
        "userDefined": true
      },
      {
        "text": " ?",
        "userDefined": false
      }
    ],
    "isTemplate": false,
    "count": 0
  }
]