[
  {
    "id": "13199d83-c1e5-4ee1-aec1-cd04f7ed003d",
    "data": [
      {
        "text": "when is the course starting date for NICF- ",
        "userDefined": false
      },
      {
        "text": "Statistics for Business",
        "alias": "Course",
        "meta": "@Course",
        "userDefined": false
      },
      {
        "text": " (SF)?",
        "userDefined": false
      }
    ],
    "isTemplate": false,
    "count": 0
  },
  {
    "id": "13d78a54-76aa-4552-92e9-1f84ac87bb35",
    "data": [
      {
        "text": "what is the course timetable for ",
        "userDefined": false
      },
      {
        "text": "e-government leadership",
        "alias": "Course",
        "meta": "@Course",
        "userDefined": false
      }
    ],
    "isTemplate": false,
    "count": 0
  },
  {
    "id": "c2970fa6-01f3-48ce-9a50-fed5f47acc05",
    "data": [
      {
        "text": "what is the timetable for ",
        "userDefined": false
      },
      {
        "text": "“Certified Scrum Product Owner”",
        "alias": "Course",
        "meta": "@Course",
        "userDefined": true
      },
      {
        "text": " ?",
        "userDefined": false
      }
    ],
    "isTemplate": false,
    "count": 0
  },
  {
    "id": "079518ae-fd5b-4bb0-8189-6e729d80128e",
    "data": [
      {
        "text": "what are the upcoming classes for ",
        "userDefined": false
      },
      {
        "text": "“e-Government Leadership“",
        "alias": "Course",
        "meta": "@Course",
        "userDefined": true
      },
      {
        "text": " ?",
        "userDefined": false
      }
    ],
    "isTemplate": false,
    "count": 0
  },
  {
    "id": "84b57e2c-035a-4d18-a3dc-171b2db91760",
    "data": [
      {
        "text": "when is the ",
        "userDefined": false
      },
      {
        "text": "“NICF- Python for Data, Ops and Things (SF)”",
        "alias": "Course",
        "meta": "@Course",
        "userDefined": true
      },
      {
        "text": " starting ?",
        "userDefined": false
      }
    ],
    "isTemplate": false,
    "count": 0
  },
  {
    "id": "73a0d618-9118-42f3-9272-540e50606854",
    "data": [
      {
        "text": "when are the ",
        "userDefined": false
      },
      {
        "text": "”NICF- Client Side Foundation (SF)”",
        "alias": "Course",
        "meta": "@Course",
        "userDefined": true
      },
      {
        "text": "  conducted ?",
        "userDefined": false
      }
    ],
    "isTemplate": false,
    "count": 0
  }
]