[
  {
    "id": "3d063d61-e13c-40b7-9108-4786090a38a1",
    "data": [
      {
        "text": "which ",
        "userDefined": false
      },
      {
        "text": "company",
        "meta": "@sys.ignore",
        "userDefined": false
      },
      {
        "text": " i could join after graduated from ",
        "userDefined": false
      },
      {
        "text": "IS",
        "alias": "GraduateProgram",
        "meta": "@GraduateProgram",
        "userDefined": false
      },
      {
        "text": "?",
        "userDefined": false
      }
    ],
    "isTemplate": false,
    "count": 0
  },
  {
    "id": "d5da9ff2-53c4-4829-addc-88bad01002ef",
    "data": [
      {
        "text": "what are the ",
        "userDefined": false
      },
      {
        "text": "company",
        "meta": "@sys.ignore",
        "userDefined": false
      },
      {
        "text": " would hire ",
        "userDefined": false
      },
      {
        "text": "IS",
        "alias": "GraduateProgram",
        "meta": "@GraduateProgram",
        "userDefined": false
      },
      {
        "text": " ",
        "userDefined": false
      },
      {
        "text": "students",
        "meta": "@sys.ignore",
        "userDefined": false
      },
      {
        "text": "?",
        "userDefined": false
      }
    ],
    "isTemplate": false,
    "count": 0
  },
  {
    "id": "ead93012-f6c2-4a08-8aad-5d7da8134610",
    "data": [
      {
        "text": "which ",
        "userDefined": false
      },
      {
        "text": "company",
        "meta": "@sys.ignore",
        "userDefined": false
      },
      {
        "text": " hire ",
        "userDefined": false
      },
      {
        "text": "IS",
        "alias": "GraduateProgram",
        "meta": "@GraduateProgram",
        "userDefined": false
      },
      {
        "text": " ",
        "userDefined": false
      },
      {
        "text": "students",
        "meta": "@sys.ignore",
        "userDefined": false
      },
      {
        "text": "?",
        "userDefined": false
      }
    ],
    "isTemplate": false,
    "count": 0
  },
  {
    "id": "e82fcac3-addf-4a0b-98be-b438c4e70406",
    "data": [
      {
        "text": "Which employer ",
        "userDefined": false
      },
      {
        "text": "may",
        "meta": "@sys.ignore",
        "userDefined": true
      },
      {
        "text": " want to hire student graduate from ",
        "userDefined": false
      },
      {
        "text": "IS",
        "alias": "GraduateProgram",
        "meta": "@GraduateProgram",
        "userDefined": true
      },
      {
        "text": " ?",
        "userDefined": false
      }
    ],
    "isTemplate": false,
    "count": 0
  }
]