[
  {
    "id": "7a4a6797-cd40-4b57-9aef-c80df88ae758",
    "data": [
      {
        "text": "by when i have to register for ",
        "userDefined": false
      },
      {
        "text": "IS",
        "alias": "GraduateProgram",
        "meta": "@GraduateProgram",
        "userDefined": false
      },
      {
        "text": "?",
        "userDefined": false
      }
    ],
    "isTemplate": false,
    "count": 0
  },
  {
    "id": "5a25288c-c306-4b35-80db-a59bf50b4e44",
    "data": [
      {
        "text": "when is the deadline to register for ",
        "userDefined": false
      },
      {
        "text": "Master of Technology in Digital Leadership",
        "alias": "GraduateProgram",
        "meta": "@GraduateProgram",
        "userDefined": true
      },
      {
        "text": " ?",
        "userDefined": false
      }
    ],
    "isTemplate": false,
    "count": 0
  },
  {
    "id": "cfff9be9-d7f1-496a-ad70-5933aa185012",
    "data": [
      {
        "text": "When is the closing date for  ",
        "userDefined": false
      },
      {
        "text": "Ebac",
        "alias": "GraduateProgram",
        "meta": "@GraduateProgram",
        "userDefined": true
      },
      {
        "text": " ?",
        "userDefined": false
      }
    ],
    "isTemplate": false,
    "count": 0
  },
  {
    "id": "b6bdb181-7ff1-48f5-be06-6811ebd84bc3",
    "data": [
      {
        "text": "What\u0027s the deadline for ",
        "userDefined": false
      },
      {
        "text": "IS",
        "alias": "GraduateProgram",
        "meta": "@GraduateProgram",
        "userDefined": true
      },
      {
        "text": " ?",
        "userDefined": false
      }
    ],
    "isTemplate": false,
    "count": 0
  },
  {
    "id": "d617c12d-aa5e-41f9-9beb-109eb2d86065",
    "data": [
      {
        "text": "When is the deadline to apply ",
        "userDefined": false
      },
      {
        "text": "Master of Technology in Enterprise Business Analytics",
        "alias": "GraduateProgram",
        "meta": "@GraduateProgram",
        "userDefined": true
      },
      {
        "text": " ?",
        "userDefined": false
      }
    ],
    "isTemplate": false,
    "count": 0
  }
]