[
  {
    "id": "694b28a1-829d-4fb2-8ada-8c8991894305",
    "data": [
      {
        "text": "How many semester does it has in ",
        "userDefined": false
      },
      {
        "text": "IS",
        "alias": "GraduateProgram",
        "meta": "@GraduateProgram",
        "userDefined": false
      },
      {
        "text": " course?",
        "userDefined": false
      }
    ],
    "isTemplate": false,
    "count": 0
  },
  {
    "id": "e6136950-bc1b-419d-b07e-48e902020730",
    "data": [
      {
        "text": "Can i finish ",
        "userDefined": false
      },
      {
        "text": "IS",
        "alias": "GraduateProgram",
        "meta": "@GraduateProgram",
        "userDefined": false
      },
      {
        "text": " course in 2 years time?",
        "userDefined": false
      }
    ],
    "isTemplate": false,
    "count": 0
  },
  {
    "id": "b7880462-5b54-4338-aa3d-4da4e2a0ef6b",
    "data": [
      {
        "text": "How many years required to study ",
        "userDefined": false
      },
      {
        "text": "IS",
        "alias": "GraduateProgram",
        "meta": "@GraduateProgram",
        "userDefined": false
      },
      {
        "text": "?",
        "userDefined": false
      }
    ],
    "isTemplate": false,
    "count": 0
  },
  {
    "id": "d2e11500-c4be-4d11-a9a8-d62faaa9d944",
    "data": [
      {
        "text": "how long do i need to study for ",
        "userDefined": false
      },
      {
        "text": "IS",
        "alias": "GraduateProgram",
        "meta": "@GraduateProgram",
        "userDefined": true
      },
      {
        "text": " part time?",
        "userDefined": false
      }
    ],
    "isTemplate": false,
    "count": 0
  },
  {
    "id": "ca3b1013-9ce2-4775-a3d4-7778a1b6e051",
    "data": [
      {
        "text": "what is the course length for ",
        "userDefined": false
      },
      {
        "text": "intelligent system",
        "alias": "GraduateProgram",
        "meta": "@GraduateProgram",
        "userDefined": true
      },
      {
        "text": "?",
        "userDefined": false
      }
    ],
    "isTemplate": false,
    "count": 0
  },
  {
    "id": "3c86dfa2-94ce-40a4-ad6c-386570e79376",
    "data": [
      {
        "text": "what is the course length for ",
        "userDefined": false
      },
      {
        "text": "ebac",
        "alias": "GraduateProgram",
        "meta": "@GraduateProgram",
        "userDefined": false
      }
    ],
    "isTemplate": false,
    "count": 0
  },
  {
    "id": "6245bbdf-a97d-40e0-acb1-40e5f5326c3a",
    "data": [
      {
        "text": "what is the course length for ",
        "userDefined": false
      },
      {
        "text": "IS",
        "alias": "GraduateProgram",
        "meta": "@GraduateProgram",
        "userDefined": false
      },
      {
        "text": "?",
        "userDefined": false
      }
    ],
    "isTemplate": false,
    "count": 0
  },
  {
    "id": "45d7be7b-60a9-4acf-affd-ed1e9169f109",
    "data": [
      {
        "text": "what is the duration of ",
        "userDefined": false
      },
      {
        "text": "IS",
        "alias": "GraduateProgram",
        "meta": "@GraduateProgram",
        "userDefined": true
      },
      {
        "text": " ?",
        "userDefined": false
      }
    ],
    "isTemplate": false,
    "count": 0
  }
]