[
  {
    "id": "a799b798-46bb-4270-9dbe-27c5cd43c554",
    "data": [
      {
        "text": "what are available modules in ",
        "userDefined": false
      },
      {
        "text": "IS",
        "alias": "GraduateProgram",
        "meta": "@GraduateProgram",
        "userDefined": false
      },
      {
        "text": "?",
        "userDefined": false
      }
    ],
    "isTemplate": false,
    "count": 0
  },
  {
    "id": "7d0631d5-c472-410a-996a-8057439231b5",
    "data": [
      {
        "text": "What is taught in ",
        "userDefined": false
      },
      {
        "text": "IS",
        "alias": "GraduateProgram",
        "meta": "@GraduateProgram",
        "userDefined": false
      },
      {
        "text": "?",
        "userDefined": false
      }
    ],
    "isTemplate": false,
    "count": 0
  },
  {
    "id": "da66d68e-0208-4835-9ac4-a74ae492ec37",
    "data": [
      {
        "text": "What does ",
        "userDefined": false
      },
      {
        "text": "Intelligent System",
        "alias": "GraduateProgram",
        "meta": "@GraduateProgram",
        "userDefined": false
      },
      {
        "text": " teach?",
        "userDefined": false
      }
    ],
    "isTemplate": false,
    "count": 0
  },
  {
    "id": "f873b6a7-fcf9-4d96-8326-a6f669fe873e",
    "data": [
      {
        "text": "please provide ",
        "userDefined": false
      },
      {
        "text": "IS",
        "alias": "GraduateProgram",
        "meta": "@GraduateProgram",
        "userDefined": false
      },
      {
        "text": " course introduction",
        "userDefined": false
      }
    ],
    "isTemplate": false,
    "count": 0
  },
  {
    "id": "4dfbac1d-2069-4597-930f-308586895579",
    "data": [
      {
        "text": "please introduce ",
        "userDefined": false
      },
      {
        "text": "IS",
        "alias": "GraduateProgram",
        "meta": "@GraduateProgram",
        "userDefined": true
      },
      {
        "text": " course",
        "userDefined": false
      }
    ],
    "isTemplate": false,
    "count": 0
  },
  {
    "id": "1481e61c-e47e-4eae-8589-dd7f6ea02c0b",
    "data": [
      {
        "text": "Please introduce ",
        "userDefined": false
      },
      {
        "text": "EBAC",
        "alias": "GraduateProgram",
        "meta": "@GraduateProgram",
        "userDefined": true
      },
      {
        "text": " course",
        "userDefined": false
      }
    ],
    "isTemplate": false,
    "count": 0
  },
  {
    "id": "abfcaf04-76a7-4a32-8ad2-d06e473466ec",
    "data": [
      {
        "text": "Please describe ",
        "userDefined": false
      },
      {
        "text": "IS",
        "alias": "GraduateProgram",
        "meta": "@GraduateProgram",
        "userDefined": false
      },
      {
        "text": " course",
        "userDefined": false
      }
    ],
    "isTemplate": false,
    "count": 0
  },
  {
    "id": "63ba1db8-7615-4000-8fef-c7ce30706c7f",
    "data": [
      {
        "text": "what is  ",
        "userDefined": false
      },
      {
        "text": "executive education",
        "alias": "EducationType",
        "meta": "@EducationType",
        "userDefined": true
      },
      {
        "text": " course?",
        "userDefined": false
      }
    ],
    "isTemplate": false,
    "count": 0
  },
  {
    "id": "321f75d4-dd42-4016-97c4-b6d7c2ad5118",
    "data": [
      {
        "text": "what is ",
        "userDefined": false
      },
      {
        "text": "graduate diploma",
        "alias": "EducationType",
        "meta": "@EducationType",
        "userDefined": true
      },
      {
        "text": "?",
        "userDefined": false
      }
    ],
    "isTemplate": false,
    "count": 0
  },
  {
    "id": "0bc1202c-828f-4c9a-9953-23a71f649255",
    "data": [
      {
        "text": "what is ",
        "userDefined": false
      },
      {
        "text": "stackable course",
        "alias": "EducationType",
        "meta": "@EducationType",
        "userDefined": true
      },
      {
        "text": "?",
        "userDefined": false
      }
    ],
    "isTemplate": false,
    "count": 0
  },
  {
    "id": "b771de27-070a-42e2-8ec7-26d2fb894da6",
    "data": [
      {
        "text": "what is ",
        "userDefined": false
      },
      {
        "text": "\"NICF- Agile Testing (SF)\"",
        "alias": "Course",
        "meta": "@Course",
        "userDefined": true
      },
      {
        "text": " ?",
        "userDefined": false
      }
    ],
    "isTemplate": false,
    "count": 0
  },
  {
    "id": "117bc335-251e-494e-b3f1-0a0c3f5a7165",
    "data": [
      {
        "text": "what is ",
        "userDefined": false
      },
      {
        "text": "IS",
        "alias": "GraduateProgram",
        "meta": "@GraduateProgram",
        "userDefined": true
      },
      {
        "text": " ?",
        "userDefined": false
      }
    ],
    "isTemplate": false,
    "count": 0
  }
]