[
  {
    "id": "277158e2-7c62-4661-947b-f030824f58e2",
    "data": [
      {
        "text": "what is the ",
        "userDefined": false
      },
      {
        "text": "IS",
        "alias": "GraduateProgram",
        "meta": "@GraduateProgram",
        "userDefined": false
      },
      {
        "text": " Course Price?",
        "userDefined": false
      }
    ],
    "isTemplate": false,
    "count": 0
  },
  {
    "id": "f82b3035-dd7f-40de-a7ec-f62f46585082",
    "data": [
      {
        "text": "how much do i need to enroll in ",
        "userDefined": false
      },
      {
        "text": "ebac",
        "alias": "GraduateProgram",
        "meta": "@GraduateProgram",
        "userDefined": false
      }
    ],
    "isTemplate": false,
    "count": 0
  },
  {
    "id": "9d1c8c3c-f90b-4518-8d3b-7215bedf16bd",
    "data": [
      {
        "text": "how much does it cost to enroll in ",
        "userDefined": false
      },
      {
        "text": "IS",
        "alias": "GraduateProgram",
        "meta": "@GraduateProgram",
        "userDefined": false
      }
    ],
    "isTemplate": false,
    "count": 0
  },
  {
    "id": "2d94739b-0383-4416-914b-19eb77712360",
    "data": [
      {
        "text": "ebac",
        "alias": "GraduateProgram",
        "meta": "@GraduateProgram",
        "userDefined": false
      },
      {
        "text": " tuition fee?",
        "userDefined": false
      }
    ],
    "isTemplate": false,
    "count": 0
  },
  {
    "id": "490ad65d-d370-430f-a61c-ee9ad9a4190b",
    "data": [
      {
        "text": "what is the tuition fee for ",
        "userDefined": false
      },
      {
        "text": "masters in digital leadership",
        "alias": "GraduateProgram",
        "meta": "@GraduateProgram",
        "userDefined": true
      }
    ],
    "isTemplate": false,
    "count": 0
  },
  {
    "id": "9cbc531f-2970-4a02-9713-92128cb33d4c",
    "data": [
      {
        "text": "ebac",
        "alias": "GraduateProgram",
        "meta": "@GraduateProgram",
        "userDefined": true
      },
      {
        "text": " course fee?",
        "userDefined": false
      }
    ],
    "isTemplate": false,
    "count": 0
  },
  {
    "id": "810412fa-a4df-4e0b-83b1-a19793690a68",
    "data": [
      {
        "text": "how much for ",
        "userDefined": false
      },
      {
        "text": "CSSLP Exam",
        "alias": "Course",
        "meta": "@Course",
        "userDefined": true
      },
      {
        "text": "?",
        "userDefined": false
      }
    ],
    "isTemplate": false,
    "count": 0
  },
  {
    "id": "87cd5a43-c4c3-44f6-93d0-e60fbc95f754",
    "data": [
      {
        "text": "how much is ",
        "userDefined": false
      },
      {
        "text": "reasoning systems",
        "alias": "Course",
        "meta": "@Course",
        "userDefined": true
      },
      {
        "text": "?",
        "userDefined": false
      }
    ],
    "isTemplate": false,
    "count": 0
  },
  {
    "id": "c8477e3a-2be3-41c3-a7c7-c35b8e817486",
    "data": [
      {
        "text": "what is the tuition fee of ",
        "userDefined": false
      },
      {
        "text": "NICF- Data Analytics Process and Best Practice (SF)",
        "alias": "Course",
        "meta": "@Course",
        "userDefined": true
      },
      {
        "text": " ?",
        "userDefined": false
      }
    ],
    "isTemplate": false,
    "count": 0
  },
  {
    "id": "e6b400d7-051d-49dd-95ff-53d901c91ecc",
    "data": [
      {
        "text": "how much does  ",
        "userDefined": false
      },
      {
        "text": "Master of Technology in Enterprise Business Analytics",
        "alias": "GraduateProgram",
        "meta": "@GraduateProgram",
        "userDefined": true
      },
      {
        "text": " cost?",
        "userDefined": false
      }
    ],
    "isTemplate": false,
    "count": 0
  },
  {
    "id": "3d4c7670-dba8-4380-8ed1-8a7e40454a2b",
    "data": [
      {
        "text": "how much is the cost of ",
        "userDefined": false
      },
      {
        "text": "NICF- Customer Analytics (SF)",
        "alias": "Course",
        "meta": "@Course",
        "userDefined": true
      },
      {
        "text": " ?",
        "userDefined": false
      }
    ],
    "isTemplate": false,
    "count": 0
  },
  {
    "id": "5a1acffc-03df-452a-b81b-b1d9493b44e0",
    "data": [
      {
        "text": "how much is the tuition fees for ",
        "userDefined": false
      },
      {
        "text": "NICF- Data Analytics Process and Best Practice (SF)",
        "alias": "Course",
        "meta": "@Course",
        "userDefined": true
      },
      {
        "text": " ?",
        "userDefined": false
      }
    ],
    "isTemplate": false,
    "count": 0
  },
  {
    "id": "59085c14-5a4c-4208-8c90-c921ced9b428",
    "data": [
      {
        "text": "how much is the cost of ",
        "userDefined": false
      },
      {
        "text": "Master of Technology in Enterprise Business Analytics",
        "alias": "GraduateProgram",
        "meta": "@GraduateProgram",
        "userDefined": true
      },
      {
        "text": " ?",
        "userDefined": false
      }
    ],
    "isTemplate": false,
    "count": 0
  },
  {
    "id": "d78ed39b-2b19-4b33-ae20-558a87192175",
    "data": [
      {
        "text": "how much is the tuition fees for ",
        "userDefined": false
      },
      {
        "text": "IS",
        "alias": "GraduateProgram",
        "meta": "@GraduateProgram",
        "userDefined": true
      },
      {
        "text": " ?",
        "userDefined": false
      }
    ],
    "isTemplate": false,
    "count": 0
  }
]