[
  {
    "id": "92d09d14-c493-4164-bcba-d4efe0d27cef",
    "data": [
      {
        "text": "what language are used in the lesson?",
        "userDefined": false
      }
    ],
    "isTemplate": false,
    "count": 0
  },
  {
    "id": "3812988d-440f-468a-b53f-245e3d32d122",
    "data": [
      {
        "text": "are the courses available in other language?",
        "userDefined": false
      }
    ],
    "isTemplate": false,
    "count": 0
  },
  {
    "id": "30ddf34d-4bbb-473f-9826-915b4ae27892",
    "data": [
      {
        "text": "are",
        "meta": "@sys.ignore",
        "userDefined": false
      },
      {
        "text": " the courses conducted in ",
        "userDefined": false
      },
      {
        "text": "english",
        "alias": "language",
        "meta": "@sys.language",
        "userDefined": false
      },
      {
        "text": "?",
        "userDefined": false
      }
    ],
    "isTemplate": false,
    "count": 0
  },
  {
    "id": "d73a11c6-d9df-49c7-b534-bb0abb3aca1a",
    "data": [
      {
        "text": "What language will the lecture be taught in?",
        "userDefined": false
      }
    ],
    "isTemplate": false,
    "count": 0
  },
  {
    "id": "2c53c592-32f1-4fc9-b57f-8c57db061562",
    "data": [
      {
        "text": "what language are the lectures in ?",
        "userDefined": false
      }
    ],
    "isTemplate": false,
    "count": 0
  }
]