[
  {
    "id": "ef367a76-b293-460b-adc1-de2d512f5d0f",
    "data": [
      {
        "text": "where is the website of  \"NICF- ",
        "userDefined": false
      },
      {
        "text": "Vision Systems",
        "alias": "Course",
        "meta": "@Course",
        "userDefined": false
      },
      {
        "text": " (SF)\" ?",
        "userDefined": false
      }
    ],
    "isTemplate": false,
    "count": 0
  },
  {
    "id": "bafa7396-3bac-40ce-89ef-6b32da86dfcd",
    "data": [
      {
        "text": "where can I find information for ",
        "userDefined": false
      },
      {
        "text": "\"NICF- Vision Systems (SF)\"",
        "alias": "Course",
        "meta": "@Course",
        "userDefined": true
      },
      {
        "text": " ?",
        "userDefined": false
      }
    ],
    "isTemplate": false,
    "count": 0
  },
  {
    "id": "650d115a-2bbe-4d40-b88f-32d79f1c2766",
    "data": [
      {
        "text": "IS",
        "alias": "GraduateProgram",
        "meta": "@GraduateProgram",
        "userDefined": false
      },
      {
        "text": " course web site?",
        "userDefined": false
      }
    ],
    "isTemplate": false,
    "count": 0
  },
  {
    "id": "ada1849c-14e6-4ebb-b3cb-cff96722ff2e",
    "data": [
      {
        "text": "IS",
        "alias": "GraduateProgram",
        "meta": "@GraduateProgram",
        "userDefined": false
      },
      {
        "text": " course website?",
        "userDefined": false
      }
    ],
    "isTemplate": false,
    "count": 0
  },
  {
    "id": "4a81fcdc-7868-4f6b-a1f5-bc042a87d014",
    "data": [
      {
        "text": "IS",
        "alias": "GraduateProgram",
        "meta": "@GraduateProgram",
        "userDefined": false
      },
      {
        "text": " course webpage?",
        "userDefined": false
      }
    ],
    "isTemplate": false,
    "count": 0
  },
  {
    "id": "3772a4d8-ec92-4e65-abbf-b8331f36a8e6",
    "data": [
      {
        "text": "show me the link for ",
        "userDefined": false
      },
      {
        "text": "IS",
        "alias": "GraduateProgram",
        "meta": "@GraduateProgram",
        "userDefined": true
      },
      {
        "text": " course?",
        "userDefined": false
      }
    ],
    "isTemplate": false,
    "count": 0
  },
  {
    "id": "e67bfd64-a904-40c4-852e-965f11d9092c",
    "data": [
      {
        "text": "where can I find information for ",
        "userDefined": false
      },
      {
        "text": "IS",
        "alias": "GraduateProgram",
        "meta": "@GraduateProgram",
        "userDefined": false
      },
      {
        "text": " ?",
        "userDefined": false
      }
    ],
    "isTemplate": false,
    "count": 0
  }
]