[
  {
    "id": "f0088782-b7be-49df-bb90-3683fdd56cfe",
    "data": [
      {
        "text": "what problem could i solve after graduated from ",
        "userDefined": false
      },
      {
        "text": "IS",
        "alias": "GraduateProgram",
        "meta": "@GraduateProgram",
        "userDefined": false
      },
      {
        "text": "?",
        "userDefined": false
      }
    ],
    "isTemplate": false,
    "count": 0
  },
  {
    "id": "44f358a3-7535-48c6-9529-33c3a858c384",
    "data": [
      {
        "text": "how can i apply my knowledge after graduated from ",
        "userDefined": false
      },
      {
        "text": "IS",
        "alias": "GraduateProgram",
        "meta": "@GraduateProgram",
        "userDefined": false
      },
      {
        "text": "?",
        "userDefined": false
      }
    ],
    "isTemplate": false,
    "count": 0
  },
  {
    "id": "846324e5-55a8-4d11-b7c4-b20d8171ed1d",
    "data": [
      {
        "text": "what can i do after graduated from ",
        "userDefined": false
      },
      {
        "text": "IS",
        "alias": "GraduateProgram",
        "meta": "@GraduateProgram",
        "userDefined": false
      },
      {
        "text": "?",
        "userDefined": false
      }
    ],
    "isTemplate": false,
    "count": 0
  },
  {
    "id": "f5242f42-3774-4998-ad1f-1b76c2f5ca20",
    "data": [
      {
        "text": "what is the learning outcome from ",
        "userDefined": false
      },
      {
        "text": "IS",
        "alias": "GraduateProgram",
        "meta": "@GraduateProgram",
        "userDefined": false
      },
      {
        "text": " ?",
        "userDefined": false
      }
    ],
    "isTemplate": false,
    "count": 0
  }
]