[
  {
    "id": "4d85aac2-6229-4cbb-86fa-9c565d540162",
    "data": [
      {
        "text": "what are the available modules in ",
        "userDefined": false
      },
      {
        "text": "IS",
        "alias": "GraduateProgram",
        "meta": "@GraduateProgram",
        "userDefined": false
      },
      {
        "text": "?",
        "userDefined": false
      }
    ],
    "isTemplate": false,
    "count": 0
  },
  {
    "id": "90701729-99f7-4c26-9b47-c6ca3534e92b",
    "data": [
      {
        "text": "what is the scope for ",
        "userDefined": false
      },
      {
        "text": "IS",
        "alias": "GraduateProgram",
        "meta": "@GraduateProgram",
        "userDefined": false
      },
      {
        "text": "?",
        "userDefined": false
      }
    ],
    "isTemplate": false,
    "count": 0
  },
  {
    "id": "ce38559c-3e28-4f8f-9312-33e0274e400e",
    "data": [
      {
        "text": "what is the training roadmap of ",
        "userDefined": false
      },
      {
        "text": "IS",
        "alias": "GraduateProgram",
        "meta": "@GraduateProgram",
        "userDefined": false
      },
      {
        "text": " ?",
        "userDefined": false
      }
    ],
    "isTemplate": false,
    "count": 0
  },
  {
    "id": "984bfa21-ad6b-46ad-9456-5c4fe82c436f",
    "data": [
      {
        "text": "what are the modules in  ",
        "userDefined": false
      },
      {
        "text": "Master of Technology in Enterprise Business Analytics",
        "alias": "GraduateProgram",
        "meta": "@GraduateProgram",
        "userDefined": false
      },
      {
        "text": " ?",
        "userDefined": false
      }
    ],
    "isTemplate": false,
    "count": 0
  },
  {
    "id": "0add8e6e-fef7-4a2a-976a-a8ecf9908ea6",
    "data": [
      {
        "text": "what will be covered in ",
        "userDefined": false
      },
      {
        "text": "IS",
        "alias": "GraduateProgram",
        "meta": "@GraduateProgram",
        "userDefined": false
      },
      {
        "text": " ?",
        "userDefined": false
      }
    ],
    "isTemplate": false,
    "count": 0
  }
]