[
  {
    "id": "002cbee6-dc12-4684-93e2-3cae9d986f69",
    "data": [
      {
        "text": "when is the next available ",
        "userDefined": false
      },
      {
        "text": "IS",
        "alias": "GraduateProgram",
        "meta": "@GraduateProgram",
        "userDefined": false
      },
      {
        "text": " course?",
        "userDefined": false
      }
    ],
    "isTemplate": false,
    "count": 0
  },
  {
    "id": "f679f02f-b078-45f0-ac23-09e73e91856d",
    "data": [
      {
        "text": "when is the next ",
        "userDefined": false
      },
      {
        "text": "IS",
        "alias": "GraduateProgram",
        "meta": "@GraduateProgram",
        "userDefined": false
      },
      {
        "text": " course starting date?",
        "userDefined": false
      }
    ],
    "isTemplate": false,
    "count": 0
  },
  {
    "id": "c338fbcd-9731-4bd3-847e-fb3b3f8ef6bd",
    "data": [
      {
        "text": "Can i have the timetable for ",
        "userDefined": false
      },
      {
        "text": "ebac",
        "alias": "GraduateProgram",
        "meta": "@GraduateProgram",
        "userDefined": false
      },
      {
        "text": "?",
        "userDefined": false
      }
    ],
    "isTemplate": false,
    "count": 0
  },
  {
    "id": "98f699ac-e0c2-4cb4-af38-bd85ea3781d9",
    "data": [
      {
        "text": "show me timetable for ",
        "userDefined": false
      },
      {
        "text": "IS",
        "alias": "GraduateProgram",
        "meta": "@GraduateProgram",
        "userDefined": false
      },
      {
        "text": " program",
        "userDefined": false
      }
    ],
    "isTemplate": false,
    "count": 0
  },
  {
    "id": "d64393d3-1a89-453c-bede-bc47527ccbcb",
    "data": [
      {
        "text": "any timetable for ",
        "userDefined": false
      },
      {
        "text": "IS",
        "alias": "GraduateProgram",
        "meta": "@GraduateProgram",
        "userDefined": false
      },
      {
        "text": " program?",
        "userDefined": false
      }
    ],
    "isTemplate": false,
    "count": 0
  },
  {
    "id": "75675029-80cd-4244-bb94-b5ca8487e068",
    "data": [
      {
        "text": "what is the ",
        "userDefined": false
      },
      {
        "text": "IS",
        "alias": "GraduateProgram",
        "meta": "@GraduateProgram",
        "userDefined": false
      },
      {
        "text": " program timetable?",
        "userDefined": false
      }
    ],
    "isTemplate": false,
    "count": 0
  },
  {
    "id": "b75e87be-f27b-42b6-b333-c2c8516aaa32",
    "data": [
      {
        "text": "when is the ",
        "userDefined": false
      },
      {
        "text": "IS",
        "alias": "GraduateProgram",
        "meta": "@GraduateProgram",
        "userDefined": true
      },
      {
        "text": " starting?",
        "userDefined": false
      }
    ],
    "isTemplate": false,
    "count": 0
  }
]