[
  {
    "id": "b58a3749-2734-4238-bef0-526ff5d3e45b",
    "data": [
      {
        "text": "how much can i earn after graduated from ",
        "userDefined": false
      },
      {
        "text": "IS",
        "alias": "GraduateProgram",
        "meta": "@GraduateProgram",
        "userDefined": false
      },
      {
        "text": "?",
        "userDefined": false
      }
    ],
    "isTemplate": false,
    "count": 0
  },
  {
    "id": "e1740649-dd2f-469d-9410-9b29bc4a3659",
    "data": [
      {
        "text": "what is the salary range for graduated ",
        "userDefined": false
      },
      {
        "text": "IS",
        "alias": "GraduateProgram",
        "meta": "@GraduateProgram",
        "userDefined": false
      },
      {
        "text": " ",
        "userDefined": false
      },
      {
        "text": "student",
        "meta": "@sys.ignore",
        "userDefined": false
      },
      {
        "text": "?",
        "userDefined": false
      }
    ],
    "isTemplate": false,
    "count": 0
  },
  {
    "id": "522362b2-40ab-4d3a-92b6-f7ddc19329a4",
    "data": [
      {
        "text": "what is the median salary of the graduates?",
        "userDefined": false
      }
    ],
    "isTemplate": false,
    "count": 0
  },
  {
    "id": "db91bb34-a29b-4834-96fc-3f37fb4a5246",
    "data": [
      {
        "text": "what is the salary after graduated from ",
        "userDefined": false
      },
      {
        "text": "System Analysis Diploma?",
        "alias": "GraduateProgram",
        "meta": "@GraduateProgram",
        "userDefined": true
      }
    ],
    "isTemplate": false,
    "count": 0
  },
  {
    "id": "19d50aa6-ce8c-4293-beb3-aa0aacda0aec",
    "data": [
      {
        "text": "what is the estimated salary of applicants hired by ",
        "userDefined": false
      },
      {
        "text": "employers",
        "alias": "Applicants",
        "meta": "@Applicants",
        "userDefined": false
      },
      {
        "text": " under ",
        "userDefined": false
      },
      {
        "text": "Graduate Diploma in Systems Analysis",
        "alias": "GraduateProgram",
        "meta": "@GraduateProgram",
        "userDefined": false
      },
      {
        "text": " ?",
        "userDefined": false
      }
    ],
    "isTemplate": false,
    "count": 0
  }
]