[
  {
    "id": "ac048ff2-d92e-4b0a-8663-f63198b58b91",
    "data": [
      {
        "text": "your consideration ",
        "userDefined": false
      },
      {
        "text": "is",
        "meta": "@sys.ignore",
        "userDefined": false
      },
      {
        "text": " sincerely appreciated",
        "userDefined": false
      }
    ],
    "isTemplate": false,
    "count": 0
  },
  {
    "id": "ec2977ce-f1e2-4a92-8747-e9c4a3bf7dda",
    "data": [
      {
        "text": "I am so very thankful for your time",
        "userDefined": false
      }
    ],
    "isTemplate": false,
    "count": 0
  },
  {
    "id": "a1698084-7c59-4210-96e8-c91ccd7c042c",
    "data": [
      {
        "text": "You have my gratitude",
        "userDefined": false
      }
    ],
    "isTemplate": false,
    "count": 0
  },
  {
    "id": "5443e1c9-5fa1-4164-9b29-0804c8731db5",
    "data": [
      {
        "text": "You are the best.",
        "userDefined": false
      }
    ],
    "isTemplate": false,
    "count": 0
  },
  {
    "id": "51f10a33-22b8-4746-a438-b88d97523a6a",
    "data": [
      {
        "text": "I value the insights and guidance you provide",
        "userDefined": false
      }
    ],
    "isTemplate": false,
    "count": 0
  },
  {
    "id": "682ec256-6589-4794-b658-1efe463cbe7d",
    "data": [
      {
        "text": "i am grateful for your support",
        "userDefined": false
      }
    ],
    "isTemplate": false,
    "count": 0
  },
  {
    "id": "d2806288-62e5-44e3-b6b5-5a8bb3ce1342",
    "data": [
      {
        "text": "thanks",
        "userDefined": false
      }
    ],
    "isTemplate": false,
    "count": 0
  },
  {
    "id": "68204f84-8d7e-44e7-8321-a3919d2da2cd",
    "data": [
      {
        "text": "you are so helpful",
        "userDefined": false
      }
    ],
    "isTemplate": false,
    "count": 0
  },
  {
    "id": "344ba2c3-de2f-4b55-9069-f926cbdba391",
    "data": [
      {
        "text": "appreciate that",
        "userDefined": false
      }
    ],
    "isTemplate": false,
    "count": 0
  },
  {
    "id": "abcf0334-e28e-480a-b70f-12c51775d423",
    "data": [
      {
        "text": "thank you",
        "userDefined": false
      }
    ],
    "isTemplate": false,
    "count": 0
  }
]